Title,Date,Author,Categories,External Link,Domain,Post URL
advertising.amazon,"October 5, 2022",Filip Keser,Ad Ads Advertise,https://advertising.amazon.com/,advertising.amazon.com,https://markposition.wordpress.com/2022/10/05/advertising-amazon/
Drive Advertising Revenue with Google Ad Manager : Google,"September 26, 2022",Filip Keser,"Advertise, Advertising",https://skillshop.exceedlms.com/student/path/17117-drive-advertising-revenue-with-google-ad-manager,skillshop.exceedlms.com,https://markposition.wordpress.com/2022/09/26/drive-advertising-revenue-with-google-ad-manager-google-5/
https://marketingplatform.google.com/about/search-ads-360/,"March 10, 2022",Filip Keser,Promotion,https://marketingplatform.google.com/about/search-ads-360/,marketingplatform.google.com,https://markposition.wordpress.com/2022/03/10/https-marketingplatform-google-com-about-search-ads-360-2/
Analytics Academy,"September 20, 2022",Filip Keser,Ads,https://analytics.google.com/analytics/academy/,analytics.google.com,https://markposition.wordpress.com/2022/09/20/analytics-academy/
Adssettings google,"September 20, 2022",Filip Keser,Ads,https://adssettings.google.com/authenticated,adssettings.google.com,https://markposition.wordpress.com/2022/09/20/adssettings-google/
Data google,"September 20, 2022",Filip Keser,Ads,https://myaccount.google.com/data-and-personalization,myaccount.google.com,https://markposition.wordpress.com/2022/09/20/data-google/
The Privacy Sandbox: Technology for a More Private Web.,"September 20, 2022",Filip Keser,Ads,https://privacysandbox.com/intl/home#home-hero,privacysandbox.com,https://markposition.wordpress.com/2022/09/20/the-privacy-sandbox-technology-for-a-more-private-web/
Digital Experience Platform & Enterprise CMS | Crownpeak,"September 16, 2022",Filip Keser,Promotion,https://www.crownpeak.com/,crownpeak.com,https://markposition.wordpress.com/2022/09/16/digital-experience-platform-enterprise-cms-crownpeak-2/
About Performance Max campaigns – Google Ads,"September 1, 2022",Filip Keser,Promotion,https://support.google.com/google-ads/answer/10724817?hl=en,support.google.com,https://markposition.wordpress.com/2022/09/01/about-performance-max-campaigns-google-ads/
About Smart Bidding – Google Ads,"September 1, 2022",Filip Keser,Promotion,https://support.google.com/google-ads/answer/7065882?hl=en,support.google.com,https://markposition.wordpress.com/2022/09/01/about-smart-bidding-google-ads/
About Maximize conversion value bidding – Google Ads,"September 1, 2022",Filip Keser,Promotion,https://support.google.com/google-ads/answer/7684216?hl=en,support.google.com,https://markposition.wordpress.com/2022/09/01/about-maximize-conversion-value-bidding-google-ads/
About automated bidding – Google Ads Help,"September 1, 2022",Filip Keser,Promotion,https://support.google.com/google-ads/answer/2979071?hl=en,support.google.com,https://markposition.wordpress.com/2022/09/01/about-automated-bidding-google-ads-help/
About Target CPA bidding – Google Ads Help,"September 1, 2022",Filip Keser,Promotion,https://support.google.com/google-ads/answer/6268632?hl=en,support.google.com,https://markposition.wordpress.com/2022/09/01/about-target-cpa-bidding-google-ads-help/
About Maximize conversions bidding – Google Ads Help,"September 1, 2022",Filip Keser,Promotion,https://support.google.com/google-ads/answer/7381968?hl=en,support.google.com,https://markposition.wordpress.com/2022/09/01/about-maximize-conversions-bidding-google-ads-help/
About Target ROAS bidding – Google Ads Help,"September 1, 2022",Filip Keser,Promotion,https://support.google.com/google-ads/answer/6268637?hl=en,support.google.com,https://markposition.wordpress.com/2022/09/01/about-target-roas-bidding-google-ads-help/
Achieve your goals across Google’s ad channels with Performance Max – Google Ads Help,"September 1, 2022",Filip Keser,Promotion,https://support.google.com/google-ads/answer/11189316?hl=en,support.google.com,https://markposition.wordpress.com/2022/09/01/achieve-your-goals-across-googles-ad-channels-with-performance-max-google-ads-help/
Coalition for Better Ads,"August 31, 2022",Filip Keser,"Advertise, Advertising, Online, Promotion",https://www.betterads.org/,betterads.org,https://markposition.wordpress.com/2022/08/31/coalition-for-better-ads-2/
"ShareThis: Free Share Buttons & Plugins, Global Behavioral Data Solutions","August 20, 2022",Filip Keser,"Advertise, Advertising, Online, Promotion",,,https://sharethis.com/
How To Create Quality Video Ads – YouTube Advertising,"August 16, 2022",Filip Keser,Ad Ads Advertise,https://www.youtube.com/intl/en_us/ads/how-it-works/create-a-video-ad/,youtube.com,https://markposition.wordpress.com/2022/08/16/how-to-create-quality-video-ads-youtube-advertising/
Business Data Responsibility – Your Data Protection & Privacy,"August 15, 2022",Filip Keser,Ad Ads Advertise,https://business.safety.google/,business.safety.google,https://markposition.wordpress.com/2022/08/15/business-data-responsibility-your-data-protection-privacy/
Google Ads Data Protection Terms: Service Information,"August 15, 2022",Filip Keser,Ad Ads Advertise,https://business.safety.google/adsservices/,business.safety.google,https://markposition.wordpress.com/2022/08/15/google-ads-data-protection-terms-service-information/
Outbrain Advertising – Drive ROAS on the Open Web | Outbrain.com,"August 15, 2022",Filip Keser,Ad Ads Advertise,https://www.outbrain.com/advertisers/,outbrain.com,https://markposition.wordpress.com/2022/08/15/outbrain-advertising-drive-roas-on-the-open-web-outbrain-com/
Prebid,"August 14, 2022",Filip Keser,Ad Ads Advertise,https://prebid.org/,prebid.org,https://markposition.wordpress.com/2022/08/14/prebid/
wmg,"August 14, 2022",Filip Keser,Ad Ads Advertise,https://adwmg.com/,adwmg.com,https://markposition.wordpress.com/2022/08/14/wmg/
Trustpilot Reviews: Experience the power of customer reviews,"August 11, 2022",Filip Keser,Ad Ads Advertise,https://www.trustpilot.com/,trustpilot.com,https://markposition.wordpress.com/2022/08/11/trustpilot-reviews-experience-the-power-of-customer-reviews-2/
Online-Shopping mit Trusted Shops | Jetzt alle Produkte kennenlernen,"August 11, 2022",Filip Keser,Ad Ads Advertise,https://www.trustedshops.de/,trustedshops.de,https://markposition.wordpress.com/2022/08/11/online-shopping-mit-trusted-shops-jetzt-alle-produkte-kennenlernen/
TestFreaks – Ratings & Reviews Platform,"August 11, 2022",Filip Keser,Ad Ads Advertise,https://www.testfreaks.com/,testfreaks.com,https://markposition.wordpress.com/2022/08/11/testfreaks-ratings-reviews-platform/
TargetBay: Ecommerce Email Marketing Software and Marketing Automation,"August 11, 2022",Filip Keser,Ad Ads Advertise,https://targetbay.com/,targetbay.com,https://markposition.wordpress.com/2022/08/11/targetbay-ecommerce-email-marketing-software-and-marketing-automation/
Stamped | Reviews and Loyalty for Ecommerce Brands,"August 11, 2022",Filip Keser,Ad Ads Advertise,https://stamped.io/,stamped.io,https://markposition.wordpress.com/2022/08/11/stamped-reviews-and-loyalty-for-ecommerce-brands/
Avis clients authentiques avec Shopping-Satisfaction,"August 11, 2022",Filip Keser,Ad Ads Advertise,https://www.shopping-satisfaction.com/,shopping-satisfaction.com,https://markposition.wordpress.com/2022/08/11/avis-clients-authentiques-avec-shopping-satisfaction/
Shopperapproved,"August 11, 2022",Filip Keser,Ad Ads Advertise,https://www.shopperapproved.com/,shopperapproved.com,https://markposition.wordpress.com/2022/08/11/shopperapproved/
REVIEWS.io | In Reviews We Trust,"August 11, 2022",Filip Keser,Ad Ads Advertise,https://www.reviews.io/,reviews.io,https://markposition.wordpress.com/2022/08/11/reviews-io-in-reviews-we-trust/
Resellerratings,"August 11, 2022",Filip Keser,Ad Ads Advertise,https://resellerratings.com/,resellerratings.com,https://markposition.wordpress.com/2022/08/11/resellerratings/
PowerReviews: Doing More with UGC to Grow Your Business,"August 11, 2022",Filip Keser,Ad Ads Advertise,https://www.powerreviews.com/,powerreviews.com,https://markposition.wordpress.com/2022/08/11/powerreviews-doing-more-with-ugc-to-grow-your-business/
Okendo,"August 11, 2022",Filip Keser,Ad Ads Advertise,https://www.okendo.io/,okendo.io,https://markposition.wordpress.com/2022/08/11/okendo/
Loox Shopify Reviews App – Product Reviews & Referrals,"August 11, 2022",Filip Keser,Ad Ads Advertise,https://loox.app/,loox.app,https://markposition.wordpress.com/2022/08/11/loox-shopify-reviews-app-product-reviews-referrals/
Junip | Reviews for products worth talking about,"August 11, 2022",Filip Keser,Ad Ads Advertise,https://junip.co/,junip.co,https://markposition.wordpress.com/2022/08/11/junip-reviews-for-products-worth-talking-about/
Guaranteed Reviews Company | Guaranteed customer review solution,"August 11, 2022",Filip Keser,Ad Ads Advertise,https://www.guaranteed-reviews.com/,guaranteed-reviews.com,https://markposition.wordpress.com/2022/08/11/guaranteed-reviews-company-guaranteed-customer-review-solution/
Feefo | Transform your business with real customer reviews,"August 11, 2022",Filip Keser,Ad Ads Advertise,https://www.feefo.com/,feefo.com,https://markposition.wordpress.com/2022/08/11/feefo-transform-your-business-with-real-customer-reviews/
feedaty,"August 11, 2022",Filip Keser,Ad Ads Advertise,https://www.feedaty.com/,feedaty.com,https://markposition.wordpress.com/2022/08/11/feedaty/
eKomi | The Feedback Company,"August 11, 2022",Filip Keser,Ad Ads Advertise,https://www.ekomi.co.uk/uk/,ekomi.co.uk,https://markposition.wordpress.com/2022/08/11/ekomi-the-feedback-company/
Echte-Bewertungen – Verbessern Sie Ihre Geschäftsergebnisse,"August 11, 2022",Filip Keser,Ad Ads Advertise,https://www.echte-bewertungen.com/,echte-bewertungen.com,https://markposition.wordpress.com/2022/08/11/echte-bewertungen-verbessern-sie-ihre-geschaftsergebnisse/
Bazaarvoice: Meet shoppers in all the moments that matter,"August 11, 2022",Filip Keser,Ad Ads Advertise,https://www.bazaarvoice.com/,bazaarvoice.com,https://markposition.wordpress.com/2022/08/11/bazaarvoice-meet-shoppers-in-all-the-moments-that-matter/
Avis clients : boostez vos ventes avec Avis Vérifiés !,"August 11, 2022",Filip Keser,Ad Ads Advertise,https://www.avis-verifies.com/fr/,avis-verifies.com,https://markposition.wordpress.com/2022/08/11/avis-clients-boostez-vos-ventes-avec-avis-verifies/
Loyalty Experience Platform – Annex Cloud Loyalty Management Solution,"August 11, 2022",Filip Keser,Ad Ads Advertise,https://www.annexcloud.com/,annexcloud.com,https://markposition.wordpress.com/2022/08/11/loyalty-experience-platform-annex-cloud-loyalty-management-solution/
Verified-Reviews – Boost your sales uk,"August 11, 2022",Filip Keser,Ad Ads Advertise,https://www.verified-reviews.co.uk/,verified-reviews.co.uk,https://markposition.wordpress.com/2022/08/11/verified-reviews-boost-your-sales-uk/
Yotpo,"August 11, 2022",Filip Keser,Ad Ads Advertise,https://www.yotpo.com/,yotpo.com,https://markposition.wordpress.com/2022/08/11/yotpo/
Verified Reviews – Boost your sales,"August 11, 2022",Filip Keser,Ad Ads Advertise,https://www.netreviews.com/en/,netreviews.com,https://markposition.wordpress.com/2022/08/11/verified-reviews-boost-your-sales/
"Pixlee TurnTo | Social User-Generated Content (UGC), Ratings & Reviews, and Influencer Marketing Platform","August 11, 2022",Filip Keser,Ad Ads Advertise,https://www.pixlee.com/,pixlee.com,https://markposition.wordpress.com/2022/08/11/pixlee-turnto-social-user-generated-content-ugc-ratings-reviews-and-influencer-marketing-platform/
Facebook Blueprint: Free Online Training for Advertising on Facebook | Meta for Business,"August 8, 2022",Filip Keser,Ad Ads Advertise,https://web.facebook.com/business/learn,web.facebook.com,https://markposition.wordpress.com/2022/08/08/facebook-blueprint-free-online-training-for-advertising-on-facebook-meta-for-business/
Facebook Certification: Professional Certificate Exams from Facebook | Meta for Business,"August 8, 2022",Filip Keser,Ad Ads Advertise,https://web.facebook.com/business/learn/certification,web.facebook.com,https://markposition.wordpress.com/2022/08/08/facebook-certification-professional-certificate-exams-from-facebook-meta-for-business/
Facebook Ads: Online Advertising on Facebook | Meta for Business,"August 8, 2022",Filip Keser,Ad Ads Advertise,https://web.facebook.com/business/ads,web.facebook.com,https://markposition.wordpress.com/2022/08/08/facebook-ads-online-advertising-on-facebook-meta-for-business/
Create a LinkedIn Company Page | LinkedIn Marketing Solutions,"August 8, 2022",Filip Keser,Ad Ads Advertise,https://business.linkedin.com/marketing-solutions/linkedin-pages,business.linkedin.com,https://markposition.wordpress.com/2022/08/08/create-a-linkedin-company-page-linkedin-marketing-solutions/
Marketing & Advertising on LinkedIn | LinkedIn Marketing Solutions,"August 8, 2022",Filip Keser,Ad Ads Advertise,https://business.linkedin.com/marketing-solutions,business.linkedin.com,https://markposition.wordpress.com/2022/08/08/marketing-advertising-on-linkedin-linkedin-marketing-solutions-4/
Coalition for Better Ads,"July 28, 2022",Filip Keser,Ad Ads Advertise,https://www.betterads.org/,betterads.org,https://markposition.wordpress.com/2022/07/28/coalition-for-better-ads/
FC,"May 26, 2022",Filip Keser,Ad Ads Advertise,https://fundingchoices.google.com/start/,fundingchoices.google.com,https://markposition.wordpress.com/2022/05/26/fc/
Funding Choices,"May 26, 2022",Filip Keser,Ad Ads Advertise,https://support.google.com/fundingchoices/answer/9010669?hl=hr,support.google.com,https://markposition.wordpress.com/2022/05/26/funding-choices/
Publisher strategy for privacy preferences – Think with Google,"May 23, 2022",Filip Keser,Ad Ads Advertise,https://www.thinkwithgoogle.com/future-of-marketing/privacy-and-trust/publisher-privacy-landscape/,thinkwithgoogle.com,https://markposition.wordpress.com/2022/05/23/publisher-strategy-for-privacy-preferences-think-with-google/
The Future of Marketing – Think with Google,"May 23, 2022",Filip Keser,Ad Ads Advertise,https://www.thinkwithgoogle.com/future-of-marketing/,thinkwithgoogle.com,https://markposition.wordpress.com/2022/05/23/the-future-of-marketing-think-with-google/
Google Ads Help: Understanding optimized targeting,"May 16, 2022",Filip Keser,Ad Ads Advertise,https://www.youtube.com/embed/v9SqjeH7nrU?feature=oembed,youtube.com,https://markposition.wordpress.com/2022/05/16/google-ads-help-understanding-optimized-targeting/
ptimization targeting – Google Ads,"May 16, 2022",Filip Keser,Ad Ads Advertise,https://support.google.com/google-ads/answer/10537509?hl=hr,support.google.com,https://markposition.wordpress.com/2022/05/16/ptimization-targeting-google-ads/
Google News Initiative Training Center,"May 16, 2022",Filip Keser,Ad Ads Advertise,https://newsinitiative.withgoogle.com/training/datatools,newsinitiative.withgoogle.com,https://markposition.wordpress.com/2022/05/16/google-news-initiative-training-center/
Create Reports in Google Ad Manager : Google,"May 12, 2022",Filip Keser,Ad Ads Advertise,https://skillshop.exceedlms.com/student/activity/17113-create-reports-in-google-ad-manager,skillshop.exceedlms.com,https://markposition.wordpress.com/2022/05/12/create-reports-in-google-ad-manager-google-3/
Optimize Google Ad Manager to Meet Objectives : Google,"May 9, 2022",Filip Keser,Ad Ads Advertise,https://skillshop.exceedlms.com/student/path/54611-optimize-google-ad-manager-to-meet-objectives,skillshop.exceedlms.com,https://markposition.wordpress.com/2022/05/09/optimize-google-ad-manager-to-meet-objectives-google/
Get started with Twitter Ads,"May 5, 2022",Filip Keser,Ad Ads Advertise,https://business.twitter.com/en/advertising/get-started-with-twitter-ads.html,business.twitter.com,https://markposition.wordpress.com/2022/05/05/get-started-with-twitter-ads/
"Pixalate – Ad Fraud Protection, Privacy, and Compliance Platform (CTV)","May 4, 2022",Filip Keser,Ad Ads Advertise,https://www.pixalate.com/,pixalate.com,https://markposition.wordpress.com/2022/05/04/pixalate-ad-fraud-protection-privacy-and-compliance-platform-ctv/
Publisher Collective | Get better CPMs with the advertising network for game sites,"April 28, 2022",Filip Keser,Ad Ads Advertise,https://www.publisher-collective.com/,publisher-collective.com,https://markposition.wordpress.com/2022/04/28/publisher-collective-get-better-cpms-with-the-advertising-network-for-game-sites/
boost-your-active-view-score-in-ad-manager,"April 28, 2022",Filip Keser,Ad Ads Advertise,https://skillshop.exceedlms.com/student/activity/17109-boost-your-active-view-score-in-ad-manager,skillshop.exceedlms.com,https://markposition.wordpress.com/2022/04/28/boost-your-active-view-score-in-ad-manager/
Waytogrow – Earn more on your advertising space,"April 22, 2022",Filip Keser,Ad Ads Advertise,https://www.waytogrow.com/,waytogrow.com,https://markposition.wordpress.com/2022/04/22/waytogrow-earn-more-on-your-advertising-space/
Smart Adserver | The Most Powerful Adserving and RTB Platform,"April 21, 2022",Filip Keser,Ad Ads Advertise,https://smartadserver.com/,smartadserver.com,https://markposition.wordpress.com/2022/04/21/smart-adserver-the-most-powerful-adserving-and-rtb-platform-2/
Custom advertising solutions – Custom ad campaigns | Amazon Ads,"April 21, 2022",Filip Keser,Ad Ads Advertise,https://advertising.amazon.com/solutions/products/custom-solutions,advertising.amazon.com,https://markposition.wordpress.com/2022/04/21/custom-advertising-solutions-custom-ad-campaigns-amazon-ads/
Amazon Marketing Cloud – Advanced media analytics and insights | Amazon Ads,"April 21, 2022",Filip Keser,Ad Ads Advertise,https://advertising.amazon.com/solutions/products/amazon-marketing-cloud,advertising.amazon.com,https://markposition.wordpress.com/2022/04/21/amazon-marketing-cloud-advanced-media-analytics-and-insights-amazon-ads/
Amazon DSP – Create campaigns with our Demand Side Platform | Amazon Ads,"April 21, 2022",Filip Keser,Ad Ads Advertise,https://advertising.amazon.com/solutions/products/amazon-dsp,advertising.amazon.com,https://markposition.wordpress.com/2022/04/21/amazon-dsp-create-campaigns-with-our-demand-side-platform-amazon-ads/
Learning console – Online advertising courses and PPC certifications | Amazon Ads,"April 21, 2022",Filip Keser,Ad Ads Advertise,https://advertising.amazon.com/resources/learning-console,advertising.amazon.com,https://markposition.wordpress.com/2022/04/21/learning-console-online-advertising-courses-and-ppc-certifications-amazon-ads-2/
Sponsored Display ads – Create display advertising campaigns | Amazon Ads,"April 21, 2022",Filip Keser,Ad Ads Advertise,https://advertising.amazon.com/solutions/products/sponsored-display,advertising.amazon.com,https://markposition.wordpress.com/2022/04/21/sponsored-display-ads-create-display-advertising-campaigns-amazon-ads/
Amazon Ads: Online advertising for businesses of all sizes | Amazon Ads,"April 21, 2022",Filip Keser,Ad Ads Advertise,https://advertising.amazon.com/,advertising.amazon.com,https://markposition.wordpress.com/2022/04/21/amazon-ads-online-advertising-for-businesses-of-all-sizes-amazon-ads-2/
"Sizmek Ad Suite – DCO, creative building, ad serving | Amazon Ads","April 21, 2022",Filip Keser,Ad Ads Advertise,https://advertising.amazon.com/solutions/products/sizmek-ad-suite,advertising.amazon.com,https://markposition.wordpress.com/2022/04/21/sizmek-ad-suite-dco-creative-building-ad-serving-amazon-ads/
Drive Advertising Revenue with Google Ad Manager : Google,"April 18, 2022",Filip Keser,Ad Ads Advertise,https://skillshop.exceedlms.com/student/path/17117-drive-advertising-revenue-with-google-ad-manager,skillshop.exceedlms.com,https://markposition.wordpress.com/2022/04/18/drive-advertising-revenue-with-google-ad-manager-google-4/
ads settings google,"April 15, 2022",Filip Keser,Ad Ads Advertise,https://adssettings.google.com/authenticated,adssettings.google.com,https://markposition.wordpress.com/2022/04/15/ads-settings-google/
Linker – Content Discovery Platform,"April 15, 2022",Filip Keser,Ad Ads Advertise,https://linker.hr/,linker.hr,https://markposition.wordpress.com/2022/04/15/linker-content-discovery-platform/
Funding Choices API | Google Developers,"April 14, 2022",Filip Keser,Ad Ads Advertise,https://developers.google.com/funding-choices,developers.google.com,https://markposition.wordpress.com/2022/04/14/funding-choices-api-google-developers/
Privacy checks in Ads Data Hub | Google Developers,"April 14, 2022",Filip Keser,Ad Ads Advertise,https://developers.google.com/ads-data-hub/guides/privacy-checks,developers.google.com,https://markposition.wordpress.com/2022/04/14/privacy-checks-in-ads-data-hub-google-developers/
Ads Data Hub | Google Developers,"April 14, 2022",Filip Keser,Ad Ads Advertise,https://developers.google.com/ads-data-hub,developers.google.com,https://markposition.wordpress.com/2022/04/14/ads-data-hub-google-developers/
Google Ad Manager – Privacy & messaging,"April 13, 2022",Filip Keser,Ad Ads Advertise,https://admanager.google.com/22694377933#privacy_and_messaging/ad_blocking/education,admanager.google.com,https://markposition.wordpress.com/2022/04/13/google-ad-manager-privacy-messaging/
Google Ads Integration | Ortto,"April 6, 2022",Filip Keser,Ad Ads Advertise,https://ortto.com/integrations/google-ads/,ortto.com,https://markposition.wordpress.com/2022/04/06/google-ads-integration-ortto/
Cloudflare’s Privacy Policy | Cloudflare,"April 6, 2022",Filip Keser,Ad Ads Advertise,https://www.cloudflare.com/privacypolicy/,cloudflare.com,https://markposition.wordpress.com/2022/04/06/cloudflares-privacy-policy-cloudflare/
CJ.com Home,"April 6, 2022",Filip Keser,Ad Ads Advertise,https://www.cj.com/,cj.com,https://markposition.wordpress.com/2022/04/06/cj-com-home/
Xaxis – The outcome media company,"April 6, 2022",Filip Keser,Ad Ads Advertise,https://www.xaxis.com/,xaxis.com,https://markposition.wordpress.com/2022/04/06/xaxis-the-outcome-media-company/
Services Privacy Policy | Oracle,"April 6, 2022",Filip Keser,Ad Ads Advertise,https://www.oracle.com/legal/privacy/services-privacy-policy.html,oracle.com,https://markposition.wordpress.com/2022/04/06/services-privacy-policy-oracle/
AdMedia | Premier Advertising Network | Reach 200M+ US Users,"April 4, 2022",Filip Keser,Ad Ads Advertise,https://admedia.com/,admedia.com,https://markposition.wordpress.com/2022/04/04/admedia-premier-advertising-network-reach-200m-us-users/
Monetize,"April 4, 2022",Filip Keser,Ad Ads Advertise,https://www.monetize.com/,monetize.com,https://markposition.wordpress.com/2022/04/04/monetize/
Adobe Advertising Cloud: Programmatic Media Buying | Adobe for Business,"March 29, 2022",Filip Keser,Ad Ads Advertise,https://business.adobe.com/products/advertising/adobe-advertising-cloud.html,business.adobe.com,https://markposition.wordpress.com/2022/03/29/adobe-advertising-cloud-programmatic-media-buying-adobe-for-business/
Your Online Choices | EDAA,"March 29, 2022",Filip Keser,Ad Ads Advertise,https://youronlinechoices.eu/,youronlinechoices.eu,https://markposition.wordpress.com/2022/03/29/your-online-choices-edaa/
WebChoices: Digital Advertising Alliance’s Consumer Choice Tool for Web US,"March 29, 2022",Filip Keser,Ad Ads Advertise,https://optout.aboutads.info/,optout.aboutads.info,https://markposition.wordpress.com/2022/03/29/webchoices-digital-advertising-alliances-consumer-choice-tool-for-web-us-3/
For Consumers – European Interactive Digital Advertising Alliance,"March 29, 2022",Filip Keser,Ad Ads Advertise,https://edaa.eu/what-we-do/for-consumers/,edaa.eu,https://markposition.wordpress.com/2022/03/29/for-consumers-european-interactive-digital-advertising-alliance/
Data Privacy Audit | See If Your Website Is Data Compliant,"March 25, 2022",Filip Keser,Ad Ads Advertise,https://usercentrics.com/data-privacy-audit/,usercentrics.com,https://markposition.wordpress.com/2022/03/25/data-privacy-audit-see-if-your-website-is-data-compliant/
Drive Advertising Revenue with Google Ad Manager : Google,"March 18, 2022",Filip Keser,Ad Ads Advertise,https://skillshop.exceedlms.com/student/path/17117-drive-advertising-revenue-with-google-ad-manager,skillshop.exceedlms.com,https://markposition.wordpress.com/2022/03/18/drive-advertising-revenue-with-google-ad-manager-google-3/
Create Reports in Google Ad Manager : Google,"March 18, 2022",Filip Keser,Ad Ads Advertise,https://skillshop.exceedlms.com/student/activity/17113-create-reports-in-google-ad-manager,skillshop.exceedlms.com,https://markposition.wordpress.com/2022/03/18/create-reports-in-google-ad-manager-google-2/
Online Video Advertising Campaigns – YouTube Advertising,"March 18, 2022",Filip Keser,Ad Ads Advertise,https://www.youtube.com/intl/en_US/ads/,youtube.com,https://markposition.wordpress.com/2022/03/18/online-video-advertising-campaigns-youtube-advertising-3/
Profit Whales | Full-service Amazon marketing agency for your brand!,"March 18, 2022",Filip Keser,Ad Ads Advertise,https://profitwhales.com/,profitwhales.com,https://markposition.wordpress.com/2022/03/18/profit-whales-full-service-amazon-marketing-agency-for-your-brand/
Learning console – Online advertising courses and PPC certifications | Amazon Ads,"March 17, 2022",Filip Keser,Ad Ads Advertise,https://advertising.amazon.com/resources/learning-console,advertising.amazon.com,https://markposition.wordpress.com/2022/03/17/learning-console-online-advertising-courses-and-ppc-certifications-amazon-ads/
Amazon Ads: Online advertising for businesses of all sizes | Amazon Ads,"March 17, 2022",Filip Keser,Ad Ads Advertise,https://advertising.amazon.com/,advertising.amazon.com,https://markposition.wordpress.com/2022/03/17/amazon-ads-online-advertising-for-businesses-of-all-sizes-amazon-ads/
Get Started with Google Publisher Tags | Google Developers,"March 16, 2022",Filip Keser,Ad Ads Advertise,https://developers.google.com/publisher-tag/guides/get-started,developers.google.com,https://markposition.wordpress.com/2022/03/16/get-started-with-google-publisher-tags-google-developers-2/
Ad sizes | Google Publisher Tag | Google Developers,"March 16, 2022",Filip Keser,Ad Ads Advertise,https://developers.google.com/publisher-tag/guides/get-started,developers.google.com,https://markposition.wordpress.com/2022/03/16/ad-sizes-google-publisher-tag-google-developers/
Drive Advertising Revenue with Google Ad Manager : Google,"March 16, 2022",Filip Keser,Ad Ads Advertise,https://skillshop.exceedlms.com/student/path/17117-drive-advertising-revenue-with-google-ad-manager,skillshop.exceedlms.com,https://markposition.wordpress.com/2022/03/16/drive-advertising-revenue-with-google-ad-manager-google-2/
Configure Mobile In-App Ads Using Ad Manager : Google,"March 16, 2022",Filip Keser,Ad Ads Advertise,https://skillshop.exceedlms.com/student/activity/75346-configure-mobile-in-app-ads-using-ad-manager,skillshop.exceedlms.com,https://markposition.wordpress.com/2022/03/16/configure-mobile-in-app-ads-using-ad-manager-google/
Fundamentals of Video : Google,"March 16, 2022",Filip Keser,Ad Ads Advertise,https://skillshop.exceedlms.com/student/activity/75345-fundamentals-of-video,skillshop.exceedlms.com,https://markposition.wordpress.com/2022/03/16/fundamentals-of-video-google/
Review and Manage Ads in Google Ad Manager : Google,"March 16, 2022",Filip Keser,Ad Ads Advertise,https://skillshop.exceedlms.com/student/activity/17116-review-and-manage-ads-in-google-ad-manager,skillshop.exceedlms.com,https://markposition.wordpress.com/2022/03/16/review-and-manage-ads-in-google-ad-manager-google/
Manage Ads with Rules and Protections : Google,"March 16, 2022",Filip Keser,Ad Ads Advertise,https://skillshop.exceedlms.com/student/activity/379130-manage-ads-with-rules-and-protections-skillshop,skillshop.exceedlms.com,https://markposition.wordpress.com/2022/03/16/manage-ads-with-rules-and-protections-google/
Explore Programmatic Capabilities in Google Ad Manager : Google,"March 16, 2022",Filip Keser,Ad Ads Advertise,https://skillshop.exceedlms.com/student/activity/17114-explore-programmatic-capabilities-in-google-ad-manager,skillshop.exceedlms.com,https://markposition.wordpress.com/2022/03/16/explore-programmatic-capabilities-in-google-ad-manager-google/
Create Reports in Google Ad Manager : Google,"March 16, 2022",Filip Keser,Ad Ads Advertise,https://skillshop.exceedlms.com/student/activity/17113-create-reports-in-google-ad-manager,skillshop.exceedlms.com,https://markposition.wordpress.com/2022/03/16/create-reports-in-google-ad-manager-google/
Forecast Your Inventory Using Ad Manager : Google,"March 16, 2022",Filip Keser,Ad Ads Advertise,https://skillshop.exceedlms.com/student/activity/17112-forecast-your-inventory-using-ad-manager,skillshop.exceedlms.com,https://markposition.wordpress.com/2022/03/16/forecast-your-inventory-using-ad-manager-google/
Optimize Creatives with Ad Manager : Google,"March 16, 2022",Filip Keser,Ad Ads Advertise,https://skillshop.exceedlms.com/student/activity/17111-optimize-creatives-with-ad-manager,skillshop.exceedlms.com,https://markposition.wordpress.com/2022/03/16/optimize-creatives-with-ad-manager-google/
Deliver Ads Using Google Ad Manager : Google,"March 16, 2022",Filip Keser,Ad Ads Advertise,https://skillshop.exceedlms.com/student/activity/17110-deliver-ads-using-google-ad-manager,skillshop.exceedlms.com,https://markposition.wordpress.com/2022/03/16/deliver-ads-using-google-ad-manager-google/
Google Ad Traffic Quality,"March 14, 2022",Filip Keser,Ad Ads Advertise,https://www.google.com/ads/adtrafficquality/,google.com,https://markposition.wordpress.com/2022/03/14/google-ad-traffic-quality/
Vodič za ads.txt – Google AdSense Pomoć,"March 14, 2022",Filip Keser,Ad Ads Advertise,https://support.google.com/adsense/answer/7532444?hl=hr,support.google.com,https://markposition.wordpress.com/2022/03/14/vodic-za-ads-txt-google-adsense-pomoc/
Alat za rješavanje problema s datotekom ads.txt – Google AdSense Pomoć,"March 14, 2022",Filip Keser,Ad Ads Advertise,https://support.google.com/adsense/troubleshooter/9556696?hl=hr#ts=9806100%2C9806109,support.google.com,https://markposition.wordpress.com/2022/03/14/alat-za-rjesavanje-problema-s-datotekom-ads-txt-google-adsense-pomoc/
Actions on Google,"March 13, 2022",Filip Keser,Ad Ads Advertise,https://console.actions.google.com/u/0/,console.actions.google.com,https://markposition.wordpress.com/2022/03/13/actions-on-google/
AdSense Management API | Google Developers,"March 13, 2022",Filip Keser,Ad Ads Advertise,https://developers.google.com/adsense/management,developers.google.com,https://markposition.wordpress.com/2022/03/13/adsense-management-api-google-developers/
The Commerce Media Platform for the Open Internet | Criteo,"March 13, 2022",Filip Keser,Ad Ads Advertise,https://www.criteo.com/,criteo.com,https://markposition.wordpress.com/2022/03/13/the-commerce-media-platform-for-the-open-internet-criteo/
Ad exchange – Wikipedia,"March 13, 2022",Filip Keser,Ad Ads Advertise,https://en.wikipedia.org/wiki/Ad_exchange,en.wikipedia.org,https://markposition.wordpress.com/2022/03/13/ad-exchange-wikipedia-2/
"Digiday – Digital Content, Digital Advertising, Digital Marketing","March 13, 2022",Filip Keser,Ad Ads Advertise,https://digiday.com/,digiday.com,https://markposition.wordpress.com/2022/03/13/digiday-digital-content-digital-advertising-digital-marketing-2/
234 – Measure – Analyze – Optimize,"March 13, 2022",Filip Keser,Ad Ads Advertise,https://234.hr/,234.hr,https://markposition.wordpress.com/2022/03/13/234-measure-analyze-optimize/
Google Ad Manager – Integrated Advertising Management Platform,"March 13, 2022",Filip Keser,Ad Ads Advertise,https://admanager.google.com/home/,admanager.google.com,https://markposition.wordpress.com/2022/03/13/google-ad-manager-integrated-advertising-management-platform-4/
Google Ad Manager : Google,"March 13, 2022",Filip Keser,Ad Ads Advertise,https://skillshop.exceedlms.com/student/catalog/list?category_ids=2842-google-ad-manager,skillshop.exceedlms.com,https://markposition.wordpress.com/2022/03/13/google-ad-manager-google-2/
Pronađite partnera – izdavača | Certificirani partner – izdavač – Google,"March 13, 2022",Filip Keser,Ad Ads Advertise,https://www.google.com/ads/publisher/partners/find-a-partner/#!?modal_active=modal-ezoic,google.com,https://markposition.wordpress.com/2022/03/13/pronadite-partnera-izdavaca-certificirani-partner-izdavac-google-3/
Pronađite partnera – izdavača | Certificirani partner – izdavač – Google – ads publisher – find a partner,"March 13, 2022",Filip Keser,Ad Ads Advertise,https://www.google.com/ads/publisher/partners/find-a-partner/#!?modal_active=none,google.com,https://markposition.wordpress.com/2022/03/13/pronadite-partnera-izdavaca-certificirani-partner-izdavac-google-ads-publisher-find-a-partner/
Google Certified Partner Program – Google – ads – publisher – partners,"March 13, 2022",Filip Keser,Ad Ads Advertise,https://www.google.com/ads/publisher/partners/,google.com,https://markposition.wordpress.com/2022/03/13/google-certified-partner-program-google-ads-publisher-partners/
“How Ads Work on YouTube”,"March 13, 2022",Filip Keser,Ad Ads Advertise,https://www.youtube.com/embed/WPR9PCoeqog?feature=oembed,youtube.com,https://markposition.wordpress.com/2022/03/13/how-ads-work-on-youtube/
Ad Inserter – Ad Manager & AdSense Ads – | WordPress.org Hrvatski,"March 11, 2022",Filip Keser,Ad Ads Advertise,https://hr.wordpress.org/plugins/ad-inserter/,hr.wordpress.org,https://markposition.wordpress.com/2022/03/11/ad-inserter-ad-manager-adsense-ads-wordpress-org-hrvatski/
Ad Inserter Pro – Advanced WordPress Ad Management Plugin,"March 11, 2022",Filip Keser,Ad Ads Advertise,https://adinserter.pro/,adinserter.pro,https://markposition.wordpress.com/2022/03/11/ad-inserter-pro-advanced-wordpress-ad-management-plugin/
SafeFrame Implementation Guidelines,"March 11, 2022",Filip Keser,Ad Ads Advertise,https://www.iab.com/guidelines/safeframe/,iab.com,https://markposition.wordpress.com/2022/03/11/safeframe-implementation-guidelines/
Using your Ad Speed Home dashboard – Google Ad Manager Help,"March 11, 2022",Filip Keser,Ad Ads Advertise,https://support.google.com/admanager/answer/9203630?hl=en,support.google.com,https://markposition.wordpress.com/2022/03/11/using-your-ad-speed-home-dashboard-google-ad-manager-help/
Google Ads,"March 11, 2022",Filip Keser,Ad Ads Advertise,https://ads.google.com/intl/hr_hr/home/,ads.google.com,https://markposition.wordpress.com/2022/03/11/google-ads-2/
Google Ads Status Dashboard,"March 11, 2022",Filip Keser,Ad Ads Advertise,https://ads.google.com/status/publisher/,ads.google.com,https://markposition.wordpress.com/2022/03/11/google-ads-status-dashboard-2/
Google Ads Data Processing Terms,"March 11, 2022",Filip Keser,Ad Ads Advertise,https://business.safety.google/adsprocessorterms/,business.safety.google,https://markposition.wordpress.com/2022/03/11/google-ads-data-processing-terms/
"Business Data Responsibility – Data Safety, Protection & Privacy","March 11, 2022",Filip Keser,Ad Ads Advertise,https://business.safety.google/,business.safety.google,https://markposition.wordpress.com/2022/03/11/business-data-responsibility-data-safety-protection-privacy/
Get Started with Google Publisher Tags | Google Developers,"March 11, 2022",Filip Keser,Ad Ads Advertise,https://developers.google.com/publisher-tag/guides/get-started,developers.google.com,https://markposition.wordpress.com/2022/03/11/get-started-with-google-publisher-tags-google-developers/
Get Started with Search Ads 360 : Google,"March 11, 2022",Filip Keser,Ad Ads Advertise,https://skillshop.exceedlms.com/student/path/396050-get-started-with-search-ads-360,skillshop.exceedlms.com,https://markposition.wordpress.com/2022/03/11/get-started-with-search-ads-360-google/
Google Ad Manager : Google,"March 11, 2022",Filip Keser,Ad Ads Advertise,https://skillshop.exceedlms.com/student/catalog/list?category_ids=2842-google-ad-manager,skillshop.exceedlms.com,https://markposition.wordpress.com/2022/03/11/google-ad-manager-google/
Partnerski program za izdavaštvo | Certificirani partner – izdavač – Google,"March 10, 2022",Filip Keser,Ad Ads Advertise,https://www.google.com/ads/publisher/partners/,google.com,https://markposition.wordpress.com/2022/03/10/partnerski-program-za-izdavastvo-certificirani-partner-izdavac-google-3/
Marketing Cloud – Digital Marketing Platform – Salesforce.com,"March 10, 2022",Filip Keser,Ad Ads Advertise,https://www.salesforce.com/products/marketing-cloud/overview/,salesforce.com,https://markposition.wordpress.com/2022/03/10/marketing-cloud-digital-marketing-platform-salesforce-com/
Adobe Experience Platform,"March 10, 2022",Filip Keser,Ad Ads Advertise,https://business.adobe.com/products/experience-platform/adobe-experience-platform.html,business.adobe.com,https://markposition.wordpress.com/2022/03/10/adobe-experience-platform/
Publisher Ads Audits for Lighthouse | Google Developers,"March 10, 2022",Filip Keser,Ad Ads Advertise,https://developers.google.com/publisher-ads-audits,developers.google.com,https://markposition.wordpress.com/2022/03/10/publisher-ads-audits-for-lighthouse-google-developers/
Setupad Blog | Latest AdTech News,"March 10, 2022",Filip Keser,Ad Ads Advertise,https://setupad.com/blog/,setupad.com,https://markposition.wordpress.com/2022/03/10/setupad-blog-latest-adtech-news/
DoubleClick – Wikipedia,"March 10, 2022",Filip Keser,Ad Ads Advertise,https://en.wikipedia.org/wiki/DoubleClick,en.wikipedia.org,https://markposition.wordpress.com/2022/03/10/doubleclick-wikipedia/
Google Ad Manager – Wikipedia,"March 10, 2022",Filip Keser,Ad Ads Advertise,https://en.wikipedia.org/wiki/Google_Ad_Manager,en.wikipedia.org,https://markposition.wordpress.com/2022/03/10/google-ad-manager-wikipedia-2/
Drive Advertising Revenue with Google Ad Manager : Google,"March 10, 2022",Filip Keser,Ad Ads Advertise,https://skillshop.exceedlms.com/student/path/17117-drive-advertising-revenue-with-google-ad-manager,skillshop.exceedlms.com,https://markposition.wordpress.com/2022/03/10/drive-advertising-revenue-with-google-ad-manager-google/
iab ads txt,"March 9, 2022",Filip Keser,Promotion,https://markposition.wordpress.com/wp-content/uploads/2022/08/7db5d-iab-openrtb-ads.txt-public-spec-1.0.2-3.pdf,markposition.wordpress.com,https://markposition.wordpress.com/2022/03/09/iab-ads-txt/
Bing Webmaster Tools,"March 8, 2022",Filip Keser,Ad Ads Advertise,https://www.bing.com/webmasters/about,bing.com,https://markposition.wordpress.com/2022/03/08/bing-webmaster-tools-3/
In-Stream Ads | Meta for Creators,"March 2, 2022",Filip Keser,Ad Ads Advertise,https://web.facebook.com/creators/tools/in-stream-ads,web.facebook.com,https://markposition.wordpress.com/2022/03/02/in-stream-ads-meta-for-creators/
How to Make Money From Your Content on Facebook | Facebook for Business,"February 28, 2022",Filip Keser,Ad Ads Advertise,https://web.facebook.com/business/learn/lessons/how-make-money-facebook,web.facebook.com,https://markposition.wordpress.com/2022/02/28/how-to-make-money-from-your-content-on-facebook-facebook-for-business/
Instant Articles | Meta for Media,"February 28, 2022",Filip Keser,Ad Ads Advertise,https://web.facebook.com/formedia/tools/instant-articles,web.facebook.com,https://markposition.wordpress.com/2022/02/28/instant-articles-meta-for-media/
Audience Network,"February 27, 2022",Filip Keser,Ad Ads Advertise,https://hr-hr.facebook.com/audiencenetwork/monetize/bidding/learn,hr-hr.facebook.com,https://markposition.wordpress.com/2022/02/27/audience-network/
Earn Money From In-Stream Ads in Your Facebook Videos | Facebook for Business,"February 26, 2022",Filip Keser,Ad Ads Advertise,https://web.facebook.com/business/learn/lessons/earn-money-in-stream-ads-videos,web.facebook.com,https://markposition.wordpress.com/2022/02/26/earn-money-from-in-stream-ads-in-your-facebook-videos-facebook-for-business/
"Comscore is a trusted currency for planning, transacting, and evaluating media across platforms.","February 26, 2022",Filip Keser,Ad Ads Advertise,https://www.comscore.com/,comscore.com,https://markposition.wordpress.com/2022/02/26/comscore-is-a-trusted-currency-for-planning-transacting-and-evaluating-media-across-platforms-2/
"AdinPlay – Maximize the ad revenues from your websites, apps and online games.","February 24, 2022",Filip Keser,Ad Ads Advertise,https://adinplay.com/,adinplay.com,https://markposition.wordpress.com/2022/02/24/adinplay-maximize-the-ad-revenues-from-your-websites-apps-and-online-games/
Davatelji oglasnih tehnologija za LGPD – Google AdSense Pomoć,"February 23, 2022",Filip Keser,Ad Ads Advertise,https://support.google.com/adsense/answer/9931967?hl=hr,support.google.com,https://markposition.wordpress.com/2022/02/23/davatelji-oglasnih-tehnologija-za-lgpd-google-adsense-pomoc/
Programmatic Digital Advertising Technology & Solutions | PubMatic,"February 21, 2022",Filip Keser,Ad Ads Advertise,https://pubmatic.com/,pubmatic.com,https://markposition.wordpress.com/2022/02/21/programmatic-digital-advertising-technology-solutions-pubmatic-3/
Header bidding – Wikipedia,"February 21, 2022",Filip Keser,Ad Ads Advertise,https://en.wikipedia.org/wiki/Header_bidding,en.wikipedia.org,https://markposition.wordpress.com/2022/02/21/header-bidding-wikipedia/
Supply-side platform – Wikipedia,"February 21, 2022",Filip Keser,Ad Ads Advertise,https://en.wikipedia.org/wiki/Supply-side_platform,en.wikipedia.org,https://markposition.wordpress.com/2022/02/21/supply-side-platform-wikipedia/
Online advertising – Wikipedia,"February 21, 2022",Filip Keser,Ad Ads Advertise,https://en.wikipedia.org/wiki/Online_advertising,en.wikipedia.org,https://markposition.wordpress.com/2022/02/21/online-advertising-wikipedia/
The Trade Desk – Wikipedia,"February 21, 2022",Filip Keser,Ad Ads Advertise,https://en.wikipedia.org/wiki/The_Trade_Desk,en.wikipedia.org,https://markposition.wordpress.com/2022/02/21/the-trade-desk-wikipedia/
Demand-side platform – Wikipedia,"February 21, 2022",Filip Keser,Ad Ads Advertise,https://en.wikipedia.org/wiki/Demand-side_platform,en.wikipedia.org,https://markposition.wordpress.com/2022/02/21/demand-side-platform-wikipedia/
Built for What Matters | The Trade Desk,"February 21, 2022",Filip Keser,Ad Ads Advertise,https://www.thetradedesk.com/us,thetradedesk.com,https://markposition.wordpress.com/2022/02/21/built-for-what-matters-the-trade-desk/
Google Ad Manager – Wikipedia,"February 21, 2022",Filip Keser,Ad Ads Advertise,https://en.wikipedia.org/wiki/Google_Ad_Manager,en.wikipedia.org,https://markposition.wordpress.com/2022/02/21/google-ad-manager-wikipedia/
Ad exchange – Wikipedia,"February 21, 2022",Filip Keser,Ad Ads Advertise,https://en.wikipedia.org/wiki/Ad_exchange,en.wikipedia.org,https://markposition.wordpress.com/2022/02/21/ad-exchange-wikipedia/
Google Marketing Platform – Unified Advertising and Analytics,"February 20, 2022",Filip Keser,Ad Ads Advertise,https://marketingplatform.google.com/about/,marketingplatform.google.com,https://markposition.wordpress.com/2022/02/20/google-marketing-platform-unified-advertising-and-analytics/
Dashboarding & Data Visualization Tools – Google Data Studio,"February 20, 2022",Filip Keser,Ad Ads Advertise,https://marketingplatform.google.com/about/data-studio/,marketingplatform.google.com,https://markposition.wordpress.com/2022/02/20/dashboarding-data-visualization-tools-google-data-studio/
Business Analytics Tools & Solutions – Google Analytics 360,"February 20, 2022",Filip Keser,Ad Ads Advertise,https://marketingplatform.google.com/about/analytics-360/,marketingplatform.google.com,https://markposition.wordpress.com/2022/02/20/business-analytics-tools-solutions-google-analytics-360/
Search Campaign Management – Google Search Ads 360,"February 20, 2022",Filip Keser,Ad Ads Advertise,https://marketingplatform.google.com/about/search-ads-360/,marketingplatform.google.com,https://markposition.wordpress.com/2022/02/20/search-campaign-management-google-search-ads-360/
Trusted Ad Serving – Campaign Manager 360,"February 20, 2022",Filip Keser,Ad Ads Advertise,https://marketingplatform.google.com/about/campaign-manager-360/,marketingplatform.google.com,https://markposition.wordpress.com/2022/02/20/trusted-ad-serving-campaign-manager-360/
End to End Campaign Management – Google Display & Video 360,"February 20, 2022",Filip Keser,Ad Ads Advertise,https://marketingplatform.google.com/about/display-video-360/,marketingplatform.google.com,https://markposition.wordpress.com/2022/02/20/end-to-end-campaign-management-google-display-video-360/
Create and submit a robots.txt file | Google Search Central | Google Developers,"February 19, 2022",Filip Keser,Ad Ads Advertise,https://developers.google.com/search/docs/advanced/robots/create-robots-txt,developers.google.com,https://markposition.wordpress.com/2022/02/19/create-and-submit-a-robots-txt-file-google-search-central-google-developers/
sitemaps.org – Home,"February 19, 2022",Filip Keser,Ad Ads Advertise,https://www.sitemaps.org/,sitemaps.org,https://markposition.wordpress.com/2022/02/19/sitemaps-org-home/
The Web Robots Pages,"February 19, 2022",Filip Keser,Ad Ads Advertise,http://www.robotstxt.org/,robotstxt.org,https://markposition.wordpress.com/2022/02/19/the-web-robots-pages/
Partnerski program za izdavaštvo | Certificirani partner –izdavač –Google,"February 19, 2022",Filip Keser,Ad Ads Advertise,https://www.google.com/ads/publisher/partners/,google.com,https://markposition.wordpress.com/2022/02/19/partnerski-program-za-izdavastvo-certificirani-partner-izdavac-google-2/
Pronađite partnera – izdavača | Certificirani partner – izdavač – Google,"February 19, 2022",Filip Keser,Ad Ads Advertise,https://www.google.com/ads/publisher/partners/find-a-partner/#!?modal_active=none,google.com,https://markposition.wordpress.com/2022/02/19/pronadite-partnera-izdavaca-certificirani-partner-izdavac-google-2/
Monetization ezoic,"February 19, 2022",Filip Keser,Ad Ads Advertise,https://pubdash.ezoic.com/monetization,pubdash.ezoic.com,https://markposition.wordpress.com/2022/02/19/monetization-ezoic/
Google Ad Manager – Integrated Advertising Management Platform,"February 19, 2022",Filip Keser,Ad Ads Advertise,https://admanager.google.com/home/,admanager.google.com,https://markposition.wordpress.com/2022/02/19/google-ad-manager-integrated-advertising-management-platform-3/
Inside AdSense: Bringing more buyers to AdSense through the DoubleClick Ad Exchange,"February 19, 2022",Filip Keser,Ad Ads Advertise,https://adsense.googleblog.com/2009/09/bringing-more-buyers-to-adsense-through.html,adsense.googleblog.com,https://markposition.wordpress.com/2022/02/19/inside-adsense-bringing-more-buyers-to-adsense-through-the-doubleclick-ad-exchange/
Google AdSense,"February 19, 2022",Filip Keser,Ad Ads Advertise,https://support.google.com/adsense/?hl=hr#topic=1190787,support.google.com,https://markposition.wordpress.com/2022/02/19/google-adsense/
AdSense | Google Blog,"February 19, 2022",Filip Keser,Ad Ads Advertise,https://blog.google/products/adsense/,blog.google,https://markposition.wordpress.com/2022/02/19/adsense-google-blog/
"Cookieless Targeting, Audience Targeting, CMP – Sirdata","February 15, 2022",Filip Keser,Ad Ads Advertise,https://sirdata.com/en/,sirdata.com,https://markposition.wordpress.com/2022/02/15/cookieless-targeting-audience-targeting-cmp-sirdata-2/
152 Media – Header Bidding,"February 15, 2022",Filip Keser,Ad Ads Advertise,https://152media.com/,152media.com,https://markposition.wordpress.com/2022/02/15/152-media-header-bidding/
IAB Tech Lab,"February 14, 2022",Filip Keser,Ad Ads Advertise,https://iabtechlab.com/software/,iabtechlab.com,https://markposition.wordpress.com/2022/02/14/iab-tech-lab/
"Digiday – Digital Content, Digital Advertising, Digital Marketing","February 13, 2022",Filip Keser,Ad Ads Advertise,https://digiday.com/,digiday.com,https://markposition.wordpress.com/2022/02/13/digiday-digital-content-digital-advertising-digital-marketing/
Google Ads Status Dashboard,"February 13, 2022",Filip Keser,Ad Ads Advertise,https://ads.google.com/status/publisher/,ads.google.com,https://markposition.wordpress.com/2022/02/13/google-ads-status-dashboard/
CMP Builder | by OneTrust,"February 12, 2022",Filip Keser,Ad Ads Advertise,https://comply.cookiepro.com/,comply.cookiepro.com,https://markposition.wordpress.com/2022/02/12/cmp-builder-by-onetrust/
Audience Is Everything® – Nielsen,"February 12, 2022",Filip Keser,Ad Ads Advertise,https://global.nielsen.com/global/en/,global.nielsen.com,https://markposition.wordpress.com/2022/02/12/audience-is-everything-nielsen/
Vendors List – IAB Europe,"February 12, 2022",Filip Keser,Ad Ads Advertise,https://iabeurope.eu/vendor-list/,iabeurope.eu,https://markposition.wordpress.com/2022/02/12/vendors-list-iab-europe/
Adacado DIY Advertising | Do It Yourself Digital Advertising,"February 12, 2022",Filip Keser,Ad Ads Advertise,https://adacado.com/,adacado.com,https://markposition.wordpress.com/2022/02/12/adacado-diy-advertising-do-it-yourself-digital-advertising/
Home • #1 Platform to make better ads: Unify Data + Creativity • VidMob,"January 30, 2022",Filip Keser,Ad Ads Advertise,https://www.vidmob.com/,vidmob.com,https://markposition.wordpress.com/2022/01/30/home-1-platform-to-make-better-ads-unify-data-creativity-vidmob/
First-Impression :: Advertising Platform,"January 30, 2022",Filip Keser,Ad Ads Advertise,http://www.first-impression.com/home/,first-impression.com,https://markposition.wordpress.com/2022/01/30/first-impression-advertising-platform/
Facebook Audience Network | Facebook Developers,"January 30, 2022",Filip Keser,Ad Ads Advertise,https://developers.facebook.com/products/audience-network/,developers.facebook.com,https://markposition.wordpress.com/2022/01/30/facebook-audience-network-facebook-developers/
Home – diDNA,"January 30, 2022",Filip Keser,Ad Ads Advertise,https://didna.io/,didna.io,https://markposition.wordpress.com/2022/01/30/home-didna/
"Content.ad – Native Advertising, Push Notifications, and Beyond","January 30, 2022",Filip Keser,Ad Ads Advertise,https://content.ad/,content.ad,https://markposition.wordpress.com/2022/01/30/content-ad-native-advertising-push-notifications-and-beyond/
Connect Ads,"January 30, 2022",Filip Keser,Ad Ads Advertise,https://connectads.com/,connectads.com,https://markposition.wordpress.com/2022/01/30/connect-ads/
Advertising Solutions for Publishers and Marketers | BuySellAds,"January 30, 2022",Filip Keser,Ad Ads Advertise,https://www.buysellads.com/,buysellads.com,https://markposition.wordpress.com/2022/01/30/advertising-solutions-for-publishers-and-marketers-buysellads/
Join Our UK Affiliate Network – Awin,"January 30, 2022",Filip Keser,Ad Ads Advertise,https://www.awin.com/gb,awin.com,https://markposition.wordpress.com/2022/01/30/join-our-uk-affiliate-network-awin/
Интернет реклама | Рекламная сеть Advmaker.net,"January 30, 2022",Filip Keser,Ad Ads Advertise,http://advmaker.net/,advmaker.net,https://markposition.wordpress.com/2022/01/30/%d0%b8%d0%bd%d1%82%d0%b5%d1%80%d0%bd%d0%b5%d1%82-%d1%80%d0%b5%d0%ba%d0%bb%d0%b0%d0%bc%d0%b0-%d1%80%d0%b5%d0%ba%d0%bb%d0%b0%d0%bc%d0%bd%d0%b0%d1%8f-%d1%81%d0%b5%d1%82%d1%8c-advmaker-net/
Adsterra Advertising Network | Solutions for Advertisers and Publishers,"January 30, 2022",Filip Keser,Ad Ads Advertise,https://adsterra.com/,adsterra.com,https://markposition.wordpress.com/2022/01/30/adsterra-advertising-network-solutions-for-advertisers-and-publishers/
Adomik,"January 30, 2022",Filip Keser,Ad Ads Advertise,https://www.adomik.com/,adomik.com,https://markposition.wordpress.com/2022/01/30/adomik/
Adnet,"January 30, 2022",Filip Keser,Ad Ads Advertise,https://adnet.com/,adnet.com,https://markposition.wordpress.com/2022/01/30/adnet/
Home » Admetrics media,"January 30, 2022",Filip Keser,Ad Ads Advertise,http://www.admetricsmedia.com/,admetricsmedia.com,https://markposition.wordpress.com/2022/01/30/home-admetrics-media/
AdMaven Ad Network | The Online Advertising Platform,"January 30, 2022",Filip Keser,Ad Ads Advertise,https://ad-maven.com/,ad-maven.com,https://markposition.wordpress.com/2022/01/30/admaven-ad-network-the-online-advertising-platform/
Home | 33Across,"January 30, 2022",Filip Keser,Ad Ads Advertise,https://www.33across.com/,33across.com,https://markposition.wordpress.com/2022/01/30/home-33across/
Rich Media Creative Agency | Online Advertising Agency USA | Undertone,"January 30, 2022",Filip Keser,Ad Ads Advertise,https://www.undertone.com/,undertone.com,https://markposition.wordpress.com/2022/01/30/rich-media-creative-agency-online-advertising-agency-usa-undertone/
The Publisher Technology Platform | Sovrn,"January 30, 2022",Filip Keser,Ad Ads Advertise,https://www.sovrn.com/,sovrn.com,https://markposition.wordpress.com/2022/01/30/the-publisher-technology-platform-sovrn-2/
Rubicon is now Magnite,"January 30, 2022",Filip Keser,Ad Ads Advertise,https://rubiconproject.com/,rubiconproject.com,https://markposition.wordpress.com/2022/01/30/rubicon-is-now-magnite/
"Content Marketing, Native Advertising & Discovery – Revcontent","January 30, 2022",Filip Keser,Ad Ads Advertise,https://www.revcontent.com/,revcontent.com,https://markposition.wordpress.com/2022/01/30/content-marketing-native-advertising-discovery-revcontent/
Programmatic Digital Advertising Technology & Solutions | PubMatic,"January 30, 2022",Filip Keser,Ad Ads Advertise,https://pubmatic.com/,pubmatic.com,https://markposition.wordpress.com/2022/01/30/programmatic-digital-advertising-technology-solutions-pubmatic-2/
Outbrain – Recommendation Platform Powered by Native Ads,"January 30, 2022",Filip Keser,Ad Ads Advertise,https://www.outbrain.com/,outbrain.com,https://markposition.wordpress.com/2022/01/30/outbrain-recommendation-platform-powered-by-native-ads-5/
OpenX: Programmatic Advertising | Ad Exchange Network,"January 30, 2022",Filip Keser,Ad Ads Advertise,https://www.openx.com/,openx.com,https://markposition.wordpress.com/2022/01/30/openx-programmatic-advertising-ad-exchange-network-2/
Digital Online Advertising Platforms | Yahoo Ad Tech,"January 30, 2022",Filip Keser,Ad Ads Advertise,https://www.adtech.yahooinc.com/,adtech.yahooinc.com,https://markposition.wordpress.com/2022/01/30/digital-online-advertising-platforms-yahoo-ad-tech-2/
Google AdSense – ostvarite zaradu unovčavanjem web-lokacije,"January 30, 2022",Filip Keser,Ad Ads Advertise,https://www.google.com/intl/hr_hr/adsense/start/,google.com,https://markposition.wordpress.com/2022/01/30/google-adsense-ostvarite-zaradu-unovcavanjem-web-lokacije/
Contextual Advertising & Programmatic Platform | Media.net,"January 30, 2022",Filip Keser,Ad Ads Advertise,https://www.media.net/,media.net,https://markposition.wordpress.com/2022/01/30/contextual-advertising-programmatic-platform-media-net/
Get Started | Buyer APIs | Google Developers,"January 30, 2022",Filip Keser,Ad Ads Advertise,https://developers.google.com/authorized-buyers/apis/guides/start,developers.google.com,https://markposition.wordpress.com/2022/01/30/get-started-buyer-apis-google-developers/
Authorized Buyers | Google Developers,"January 30, 2022",Filip Keser,Ad Ads Advertise,https://developers.google.com/authorized-buyers,developers.google.com,https://markposition.wordpress.com/2022/01/30/authorized-buyers-google-developers/
District M is now Sharethrough | District M,"January 30, 2022",Filip Keser,Ad Ads Advertise,https://www.districtm.net/,districtm.net,https://markposition.wordpress.com/2022/01/30/district-m-is-now-sharethrough-district-m/
enginemediaexchange.com | Futureproof Your Business,"January 30, 2022",Filip Keser,Ad Ads Advertise,https://enginemediaexchange.com/,enginemediaexchange.com,https://markposition.wordpress.com/2022/01/30/enginemediaexchange-com-futureproof-your-business/
Xandr,"January 30, 2022",Filip Keser,Ad Ads Advertise,https://www.xandr.com/,xandr.com,https://markposition.wordpress.com/2022/01/30/xandr/
Digital Online Advertising Platforms | Yahoo Ad Tech,"January 27, 2022",Filip Keser,Ad Ads Advertise,https://www.adtech.yahooinc.com/,adtech.yahooinc.com,https://markposition.wordpress.com/2022/01/27/digital-online-advertising-platforms-yahoo-ad-tech/
Bring Innovation And Incrementality To Mobile Monetization,"January 27, 2022",Filip Keser,Ad Ads Advertise,https://www.display.io/,display.io,https://markposition.wordpress.com/2022/01/27/bring-innovation-and-incrementality-to-mobile-monetization/
Marketing & Advertising on LinkedIn | LinkedIn Marketing Solutions,"January 27, 2022",Filip Keser,Ad Ads Advertise,https://business.linkedin.com/marketing-solutions,business.linkedin.com,https://markposition.wordpress.com/2022/01/27/marketing-advertising-on-linkedin-linkedin-marketing-solutions-3/
LinkedIn Advertising Costs & Pricing | LinkedIn Marketing Solutions,"January 27, 2022",Filip Keser,Ad Ads Advertise,https://business.linkedin.com/marketing-solutions/ads/pricing,business.linkedin.com,https://markposition.wordpress.com/2022/01/27/linkedin-advertising-costs-pricing-linkedin-marketing-solutions/
LinkedIn Ads: Targeted Self-Service Ads | LinkedIn Marketing Solutions,"January 27, 2022",Filip Keser,Ad Ads Advertise,https://business.linkedin.com/marketing-solutions/ads,business.linkedin.com,https://markposition.wordpress.com/2022/01/27/linkedin-ads-targeted-self-service-ads-linkedin-marketing-solutions-2/
Marketing & Advertising on LinkedIn | LinkedIn Marketing Solutions,"January 27, 2022",Filip Keser,Ad Ads Advertise,https://business.linkedin.com/marketing-solutions,business.linkedin.com,https://markposition.wordpress.com/2022/01/27/marketing-advertising-on-linkedin-linkedin-marketing-solutions-2/
LinkedIn Campaign Manager,"January 27, 2022",Filip Keser,Ad Ads Advertise,https://www.linkedin.com/campaignmanager/accounts,linkedin.com,https://markposition.wordpress.com/2022/01/27/linkedin-campaign-manager-2/
Outbrain – Recommendation Platform Powered by Native Ads,"January 24, 2022",Filip Keser,Ad Ads Advertise,https://www.outbrain.com/,outbrain.com,https://markposition.wordpress.com/2022/01/24/outbrain-recommendation-platform-powered-by-native-ads-4/
Home – TrustArc The Leader in Privacy Management Software,"January 16, 2022",Filip Keser,Ad Ads Advertise,https://trustarc.com/,trustarc.com,https://markposition.wordpress.com/2022/01/16/home-trustarc-the-leader-in-privacy-management-software-3-2/
Outbrain – Recommendation Platform Powered by Native Ads,"January 13, 2022",Filip Keser,Ad Ads Advertise,https://www.outbrain.com/,outbrain.com,https://markposition.wordpress.com/2022/01/13/outbrain-recommendation-platform-powered-by-native-ads-3/
Google Ad Manager – Integrated Advertising Management Platform,"January 5, 2022",Filip Keser,Ad Ads Advertise,https://admanager.google.com/home/,admanager.google.com,https://markposition.wordpress.com/2022/01/05/google-ad-manager-integrated-advertising-management-platform-2/
Mobile App Monetization – Google AdMob,"January 5, 2022",Filip Keser,Ad Ads Advertise,https://admob.google.com/home/,admob.google.com,https://markposition.wordpress.com/2022/01/05/mobile-app-monetization-google-admob/
In App Advertising | Vungle,"January 3, 2022",Filip Keser,Ad Ads Advertise,https://vungle.com/advertise/,vungle.com,https://markposition.wordpress.com/2022/01/03/in-app-advertising-vungle/
Digital Customer Acquisition Solutions | Rakuten Advertising,"December 21, 2021",Filip Keser,Ad Ads Advertise,https://rakutenadvertising.com/,rakutenadvertising.com,https://markposition.wordpress.com/2021/12/21/digital-customer-acquisition-solutions-rakuten-advertising/
Online Video Advertising Campaigns – YouTube Advertising,"December 11, 2021",Filip Keser,Ad Ads Advertise,https://www.youtube.com/ads/,youtube.com,https://markposition.wordpress.com/2021/12/11/online-video-advertising-campaigns-youtube-advertising-2/
BrandConnect for Influencer Advertising – YouTube Advertising – YouTube Advertising,"December 11, 2021",Filip Keser,Ad Ads Advertise,https://www.youtube.com/ads/brandconnect/,youtube.com,https://markposition.wordpress.com/2021/12/11/brandconnect-for-influencer-advertising-youtube-advertising-youtube-advertising/
Google Ads – privucite više korisnika jednostavnim online oglašavanjem,"December 1, 2021",Filip Keser,Ad Ads Advertise,https://ads.google.com/intl/hr_hr/home/,ads.google.com,https://markposition.wordpress.com/2021/12/01/google-ads-privucite-vise-korisnika-jednostavnim-online-oglasavanjem-7/
Campaign Builder | Amazon Advertising,"November 24, 2021",Filip Keser,Ad Ads Advertise,https://advertising.amazon.com/cb?entityId=ENTITY170NBZYAM0OSR#!/ingress,advertising.amazon.com,https://markposition.wordpress.com/2021/11/24/campaign-builder-amazon-advertising/
International growth agencies – Market Finder by Google,"November 24, 2021",Filip Keser,Ad Ads Advertise,https://marketfinder.thinkwithgoogle.com/intl/en_cee/widget/partner-agencies-tool/,marketfinder.thinkwithgoogle.com,https://markposition.wordpress.com/2021/11/24/international-growth-agencies-market-finder-by-google/
Free Google Ads Tools by Clever Ads | Google Advertising,"November 23, 2021",Filip Keser,Ad Ads Advertise,https://cleverads.com/,cleverads.com,https://markposition.wordpress.com/2021/11/23/free-google-ads-tools-by-clever-ads-google-advertising/
Audiencerate – The Identity Hub,"November 13, 2021",Filip Keser,Ad Ads Advertise,https://www.audiencerate.com/,audiencerate.com,https://markposition.wordpress.com/2021/11/13/audiencerate-the-identity-hub/
Lucidity | Blockchain-Audited Media for Greater Transparency in Advertising,"November 13, 2021",Filip Keser,Ad Ads Advertise,https://golucidity.com/,golucidity.com,https://markposition.wordpress.com/2021/11/13/lucidity-blockchain-audited-media-for-greater-transparency-in-advertising/
Customer Data Platform – Tealium,"November 13, 2021",Filip Keser,Ad Ads Advertise,https://tealium.com/,tealium.com,https://markposition.wordpress.com/2021/11/13/customer-data-platform-tealium/
Revealbot – Automate Your Ad Strategies,"November 12, 2021",Filip Keser,Ad Ads Advertise,https://revealbot.com/,revealbot.com,https://markposition.wordpress.com/2021/11/12/revealbot-automate-your-ad-strategies/
EthicalAds,"October 18, 2021",Filip Keser,Ad Ads Advertise,https://ethicalads.io,ethicalads.io,https://markposition.wordpress.com/2021/10/18/privacy-preserving-ad-network-for-developers-ethicalads/
ads twitter,"October 4, 2021",Filip Keser,Ad Ads Advertise,https://ads.twitter.com/mobile/v1/get_started?ref=em-elq-ao-gbl-emailatclink&s=09,ads.twitter.com,https://markposition.wordpress.com/2021/10/04/485/
Eskimi – AdTech platform that adds a +1 to your marketing team,"September 28, 2021",Filip Keser,Ad Ads Advertise,https://www.eskimi.com/,eskimi.com,https://markposition.wordpress.com/2021/09/28/eskimi-adtech-platform-that-adds-a-1-to-your-marketing-team/
Overview – Microsoft Advertising,"September 21, 2021",Filip Keser,Ad Ads Advertise,https://about.ads.microsoft.com/en-us/h/a/microsoft-advertising,about.ads.microsoft.com,https://markposition.wordpress.com/2021/09/21/overview-microsoft-advertising-2/
Google Marketing Platform Certification Exams : Google,"September 10, 2021",Filip Keser,Ad Ads Advertise,https://skillshop.exceedlms.com/student/catalog/list?category_ids=707-google-marketing-platform-certification-exams,skillshop.exceedlms.com,https://markposition.wordpress.com/2021/09/10/google-marketing-platform-certification-exams-google/
YouTube Advertising – Online Video Advertising Campaigns,"September 5, 2021",Filip Keser,Ad Ads Advertise,https://www.youtube.com/ads/,youtube.com,https://markposition.wordpress.com/2021/09/05/youtube-advertising-online-video-advertising-campaigns-4/
Make Quality Advertising Videos – YouTube Advertising,"September 5, 2021",Filip Keser,Ad Ads Advertise,https://www.youtube.com/ads/making-a-video-ad/,youtube.com,https://markposition.wordpress.com/2021/09/05/make-quality-advertising-videos-youtube-advertising-3/
Outbrain – Recommendation Platform Powered by Native Ads,"September 2, 2021",Filip Keser,Ad Ads Advertise,https://www.outbrain.com/,outbrain.com,https://markposition.wordpress.com/2021/09/02/outbrain-recommendation-platform-powered-by-native-ads-2/
Digital Advertising Platform | Criteo,"August 25, 2021",Filip Keser,Ad Ads Advertise,https://www.criteo.com/technology/advertising-platform/,criteo.com,https://markposition.wordpress.com/2021/08/25/digital-advertising-platform-criteo/
Programmatic advertising | BidTheatre Demand Side Platform,"August 25, 2021",Filip Keser,Ad Ads Advertise,https://www.bidtheatre.com/,bidtheatre.com,https://markposition.wordpress.com/2021/08/25/programmatic-advertising-bidtheatre-demand-side-platform/
"ShareThis: Free Share Buttons & Plugins, Global Behavioral Data Solutions","August 25, 2021",Filip Keser,Ad Ads Advertise,https://sharethis.com/,sharethis.com,https://markposition.wordpress.com/2021/08/25/sharethis-free-share-buttons-plugins-global-behavioral-data-solutions/
AdMaxim Inc. – Integrated Digital Advertising Platform,"August 25, 2021",Filip Keser,Ad Ads Advertise,http://www.admaxim.com/,admaxim.com,https://markposition.wordpress.com/2021/08/25/admaxim-inc-integrated-digital-advertising-platform/
Kwanko – Your Performance Marketing Partner,"August 25, 2021",Filip Keser,Ad Ads Advertise,https://www.kwanko.com/,kwanko.com,https://markposition.wordpress.com/2021/08/25/kwanko-your-performance-marketing-partner/
Online marketing. Simplified | Adzooma,"August 24, 2021",Filip Keser,Ad Ads Advertise,https://www.adzooma.com/,adzooma.com,https://markposition.wordpress.com/2021/08/24/online-marketing-simplified-adzooma/
Adzooma Marketplace | Find The Right Service For Your Business | Adzooma Marketplace,"August 24, 2021",Filip Keser,Ad Ads Advertise,https://marketplace.adzooma.com/,marketplace.adzooma.com,https://markposition.wordpress.com/2021/08/24/adzooma-marketplace-find-the-right-service-for-your-business-adzooma-marketplace/
LinkedIn Campaign Manager,"August 23, 2021",Filip Keser,Ad Ads Advertise,https://www.linkedin.com/campaignmanager/new-advertiser,linkedin.com,https://markposition.wordpress.com/2021/08/23/linkedin-campaign-manager/
Marketing & Advertising on LinkedIn | LinkedIn Marketing Solutions,"August 23, 2021",Filip Keser,Ad Ads Advertise,https://business.linkedin.com/marketing-solutions,business.linkedin.com,https://markposition.wordpress.com/2021/08/23/marketing-advertising-on-linkedin-linkedin-marketing-solutions/
Google Ads – privucite više korisnika jednostavnim online oglašavanjem,"August 20, 2021",Filip Keser,Ad Ads Advertise,https://ads.google.com/intl/hr_hr/getstarted/?subid=hr-hr-ha-aw-sk-m-bau!o3~Cj0KCQjwpf2IBhDkARIsAGVo0D3Wryak_hHyBl23URk7i9rUzFQcSDfFRCTDFLY-609ii68BQnjRsg0aAk0TEALw_wcB~117699885987~kwd-94527731~11806561409~485142535412,ads.google.com,https://markposition.wordpress.com/2021/08/20/google-ads-privucite-vise-korisnika-jednostavnim-online-oglasavanjem-6/
Cross-Channel Marketing Platform to Improve Customer Experiences – Iterable,"August 20, 2021",Filip Keser,Ad Ads Advertise,https://iterable.com/,iterable.com,https://markposition.wordpress.com/2021/08/20/cross-channel-marketing-platform-to-improve-customer-experiences-iterable/
LinkedIn Ads: Targeted Self-Service Ads | LinkedIn Marketing Solutions,"August 20, 2021",Filip Keser,Ad Ads Advertise,https://business.linkedin.com/marketing-solutions/ads,business.linkedin.com,https://markposition.wordpress.com/2021/08/20/linkedin-ads-targeted-self-service-ads-linkedin-marketing-solutions/
Setupad.com – Monetization Partner – Setupad,"August 20, 2021",Filip Keser,Ad Ads Advertise,https://setupad.com/,setupad.com,https://markposition.wordpress.com/2021/08/20/setupad-com-monetization-partner-setupad/
"Evidon | Digital Governance, Privacy Compliance, Website Monitoring","August 4, 2021",Filip Keser,Ad Ads Advertise,https://www.evidon.com/,evidon.com,https://markposition.wordpress.com/2021/08/04/evidon-digital-governance-privacy-compliance-website-monitoring-2/
NextRoll – Home,"July 31, 2021",Filip Keser,Ad Ads Advertise,https://www.nextroll.com/,nextroll.com,https://markposition.wordpress.com/2021/07/31/nextroll-home-2/
"Adzooma | Simplify, Automate & Optimise Online Ad Campaigns","July 30, 2021",Filip Keser,Ad Ads Advertise,https://www.adzooma.com/,adzooma.com,https://markposition.wordpress.com/2021/07/30/adzooma-simplify-automate-optimise-online-ad-campaigns-2/
Outbrain – Recommendation Platform Powered by Native Ads,"July 30, 2021",Filip Keser,Ad Ads Advertise,https://www.outbrain.com/,outbrain.com,https://markposition.wordpress.com/2021/07/30/outbrain-recommendation-platform-powered-by-native-ads/
Bing Webmaster Tools,"July 30, 2021",Filip Keser,Ad Ads Advertise,https://www.bing.com/webmasters/about,bing.com,https://markposition.wordpress.com/2021/07/30/bing-webmaster-tools-2/
,"July 25, 2021",Filip Keser,Ad Ads Advertise,https://www.yourprimer.com,yourprimer.com,
Lesson Catalog | Business & Operations – Google Primer,"July 25, 2021",Filip Keser,Ad Ads Advertise,https://www.yourprimer.com/en/lesson-catalog/0,yourprimer.com,https://markposition.wordpress.com/2021/07/25/lesson-catalog-business-operations-google-primer/
Google trends,"July 25, 2021",Filip Keser,Ad Ads Advertise,https://trends.google.com/trends,trends.google.com,https://markposition.wordpress.com/2021/07/25/google-trends/
Google Ads – privucite više korisnika jednostavnim online oglašavanjem,"July 25, 2021",Filip Keser,Ad Ads Advertise,https://ads.google.com/intl/hr_hr/getstarted/,ads.google.com,https://markposition.wordpress.com/2021/07/25/google-ads-privucite-vise-korisnika-jednostavnim-online-oglasavanjem-5/
Set up conversion tracking for your website – Google Ads Help,"July 25, 2021",Filip Keser,Ad Ads Advertise,https://support.google.com/google-ads/answer/6095821?hl=en,support.google.com,https://markposition.wordpress.com/2021/07/25/set-up-conversion-tracking-for-your-website-google-ads-help-2/
Overview – Microsoft Advertising,"July 22, 2021",Filip Keser,Ad Ads Advertise,https://about.ads.microsoft.com/en-us/h/a/microsoft-advertising,about.ads.microsoft.com,https://markposition.wordpress.com/2021/07/22/overview-microsoft-advertising/
Midas Network – Platforma za Nativno oglašavanje,"July 22, 2021",Filip Keser,Ad Ads Advertise,https://www.midas-network.com/hr,midas-network.com,https://markposition.wordpress.com/2021/07/22/midas-network-platforma-za-nativno-oglasavanje-2/
SEM with Microsoft Advertising – Microsoft Advertising,"July 20, 2021",Filip Keser,Ad Ads Advertise,https://about.ads.microsoft.com/en-us,about.ads.microsoft.com,https://markposition.wordpress.com/2021/07/20/sem-with-microsoft-advertising-microsoft-advertising-3/
Advertise Your Website – Getting Started – Google Domains,"July 15, 2021",Filip Keser,Ad Ads Advertise,https://domains.google/get-started/online-ads/,domains.google,https://markposition.wordpress.com/2021/07/15/advertise-your-website-getting-started-google-domains/
Amazon Advertising: Online advertising for businesses of all sizes,"July 9, 2021",Filip Keser,Ad Ads Advertise,https://advertising.amazon.com/,advertising.amazon.com,https://markposition.wordpress.com/2021/07/09/amazon-advertising-online-advertising-for-businesses-of-all-sizes-3/
Amazon Advertising: Online advertising for businesses of all sizes,"July 9, 2021",Filip Keser,Ad Ads Advertise,https://advertising.amazon.com/,advertising.amazon.com,https://markposition.wordpress.com/2021/07/09/amazon-advertising-online-advertising-for-businesses-of-all-sizes-2/
Learning console – amazon catalog,"July 7, 2021",Filip Keser,Ad Ads Advertise,https://learningconsole.amazonadvertising.com/student/catalog/list,learningconsole.amazonadvertising.com,https://markposition.wordpress.com/2021/07/07/learning-console-amazon-catalog/
Learning console – amazon advertising,"July 7, 2021",Filip Keser,Ad Ads Advertise,https://learningconsole.amazonadvertising.com/student/catalog,learningconsole.amazonadvertising.com,https://markposition.wordpress.com/2021/07/07/learning-console-amazon-advertising/
Advertising solutions for KDP authors | Amazon Advertising,"July 7, 2021",Filip Keser,Ad Ads Advertise,https://advertising.amazon.com/kdp-authors,advertising.amazon.com,https://markposition.wordpress.com/2021/07/07/advertising-solutions-for-kdp-authors-amazon-advertising/
Amazon.com: Kindle Direct Publishing: Promotion Manager,"July 7, 2021",Filip Keser,Ad Ads Advertise,https://kdp.amazon.com/marketing/A2B1V7EPJ81WN2/promotion-manager,kdp.amazon.com,https://markposition.wordpress.com/2021/07/07/amazon-com-kindle-direct-publishing-promotion-manager/
Amazon Advertising: Online advertising for businesses of all sizes,"July 7, 2021",Filip Keser,Ad Ads Advertise,https://advertising.amazon.com/,advertising.amazon.com,https://markposition.wordpress.com/2021/07/07/amazon-advertising-online-advertising-for-businesses-of-all-sizes/
All Your Digital Marketing Tools in One Place – Sendinblue,"July 2, 2021",Filip Keser,Ad Ads Advertise,https://www.sendinblue.com/,sendinblue.com,https://markposition.wordpress.com/2021/07/02/all-your-digital-marketing-tools-in-one-place-sendinblue/
Digital Marketing & Growth Marketing Platform | AdRoll,"July 2, 2021",Filip Keser,Ad Ads Advertise,https://www.adroll.com/,adroll.com,https://markposition.wordpress.com/2021/07/02/digital-marketing-growth-marketing-platform-adroll-3/
Facebook for Business: Marketing on Facebook,"July 1, 2021",Filip Keser,Ad Ads Advertise,https://web.facebook.com/business,web.facebook.com,https://markposition.wordpress.com/2021/07/01/facebook-for-business-marketing-on-facebook-3/
Grow your revenue and monetize your game or app | Unity Ads | Unity,"June 30, 2021",Filip Keser,Ad Ads Advertise,https://unity.com/products/unity-ads-monetize,unity.com,https://markposition.wordpress.com/2021/06/30/grow-your-revenue-and-monetize-your-game-or-app-unity-ads-unity/
Grow user LTV with ads and In-app purchases | Mobile game monetization | Unity,"June 30, 2021",Filip Keser,Ad Ads Advertise,https://unity.com/solutions/unity-ads,unity.com,https://markposition.wordpress.com/2021/06/30/grow-user-ltv-with-ads-and-in-app-purchases-mobile-game-monetization-unity/
Snapchat Ads | Snapchat for Business,"June 25, 2021",Filip Keser,Ad Ads Advertise,https://forbusiness.snapchat.com/,forbusiness.snapchat.com,https://markposition.wordpress.com/2021/06/25/snapchat-ads-snapchat-for-business/
Google Ad Manager – Get in touch,"June 25, 2021",Filip Keser,Ad Ads Advertise,https://admanager.google.com/home/contact-us/,admanager.google.com,https://markposition.wordpress.com/2021/06/25/google-ad-manager-get-in-touch/
Google Ad Manager – Integrated Advertising Management Platform,"June 25, 2021",Filip Keser,Ad Ads Advertise,https://admanager.google.com/home/,admanager.google.com,https://markposition.wordpress.com/2021/06/25/google-ad-manager-integrated-advertising-management-platform/
Admiral: The Visitor Relationship Management Company,"June 24, 2021",Filip Keser,Ad Ads Advertise,https://www.getadmiral.com/,getadmiral.com,https://markposition.wordpress.com/2021/06/24/admiral-the-visitor-relationship-management-company-3/
SEM with Microsoft Advertising – Microsoft Advertising,"June 14, 2021",Filip Keser,Ad Ads Advertise,https://about.ads.microsoft.com/en-us,about.ads.microsoft.com,https://markposition.wordpress.com/2021/06/14/sem-with-microsoft-advertising-microsoft-advertising-2/
Ad settings google,"June 13, 2021",Filip Keser,Ad Ads Advertise,https://adssettings.google.com/authenticated,adssettings.google.com,https://markposition.wordpress.com/2021/06/13/ad-settings-google/
Google Ads Data and Privacy – Google Safety Center,"June 13, 2021",Filip Keser,Ad Ads Advertise,https://safety.google/privacy/ads-and-data/,safety.google,https://markposition.wordpress.com/2021/06/13/google-ads-data-and-privacy-google-safety-center/
Fat Frog Media,"June 13, 2021",Filip Keser,Ad Ads Advertise,https://fatfrogmedia.com/,fatfrogmedia.com,https://markposition.wordpress.com/2021/06/13/fat-frog-media/
ToneDen – Automated Social Marketing,"June 13, 2021",Filip Keser,Ad Ads Advertise,https://www.toneden.io/,toneden.io,https://markposition.wordpress.com/2021/06/13/toneden-automated-social-marketing/
Data Inventory & Mapping – TrustArc The Leader in Privacy Management Software,"June 12, 2021",Filip Keser,Ad Ads Advertise,https://trustarc.com/data-inventory-mapping/,trustarc.com,https://markposition.wordpress.com/2021/06/12/data-inventory-mapping-trustarc-the-leader-in-privacy-management-software/
Technology Powered Partner Program – TrustArc The Leader in Privacy Management Software,"June 12, 2021",Filip Keser,Ad Ads Advertise,https://trustarc.com/technology-powered-partner-program/,trustarc.com,https://markposition.wordpress.com/2021/06/12/technology-powered-partner-program-trustarc-the-leader-in-privacy-management-software/
Powered Partner Program – TrustArc The Leader in Privacy Management Software,"June 12, 2021",Filip Keser,Ad Ads Advertise,https://trustarc.com/powered-partner-program/,trustarc.com,https://markposition.wordpress.com/2021/06/12/powered-partner-program-trustarc-the-leader-in-privacy-management-software/
Cookie Consent Manager Free Trial Request – TrustArc The Leader in Privacy Management Software,"June 12, 2021",Filip Keser,Ad Ads Advertise,https://trustarc.com/cookie-consent-manager/professional-trial-account-request/?utm_source=ccm-trial,trustarc.com,https://markposition.wordpress.com/2021/06/12/cookie-consent-manager-free-trial-request-trustarc-the-leader-in-privacy-management-software/
Home – TrustArc The Leader in Privacy Management Software,"June 12, 2021",Filip Keser,Ad Ads Advertise,https://trustarc.com/,trustarc.com,https://markposition.wordpress.com/2021/06/12/home-trustarc-the-leader-in-privacy-management-software-2-2/
WebChoices: Digital Advertising Alliance’s Consumer Choice Tool for Web US,"June 12, 2021",Filip Keser,Ad Ads Advertise,https://optout.aboutads.info/,optout.aboutads.info,https://markposition.wordpress.com/2021/06/12/webchoices-digital-advertising-alliances-consumer-choice-tool-for-web-us-2/
Adobe Privacy Center,"June 12, 2021",Filip Keser,Ad Ads Advertise,https://www.adobe.com/privacy/opt-out.html,adobe.com,https://markposition.wordpress.com/2021/06/12/adobe-privacy-center/
TrustArc Preference Manager,"June 12, 2021",Filip Keser,Ad Ads Advertise,http://preferences-mgr.truste.com/,preferences-mgr.truste.com,https://markposition.wordpress.com/2021/06/12/trustarc-preference-manager/
WebChoices: Digital Advertising Alliance’s Consumer Choice Tool for Web US,"June 12, 2021",Filip Keser,Ad Ads Advertise,https://optout.aboutads.info/,optout.aboutads.info,https://markposition.wordpress.com/2021/06/12/webchoices-digital-advertising-alliances-consumer-choice-tool-for-web-us/
Programmatic Digital Advertising Technology & Solutions | PubMatic,"June 12, 2021",Filip Keser,Ad Ads Advertise,https://pubmatic.com/,pubmatic.com,https://markposition.wordpress.com/2021/06/12/programmatic-digital-advertising-technology-solutions-pubmatic/
ownerIQ | Second-Party Data Solutions,"June 12, 2021",Filip Keser,Ad Ads Advertise,https://www.owneriq.com/,owneriq.com,https://markposition.wordpress.com/2021/06/12/owneriq-second-party-data-solutions/
What is CRM? | Oracle,"June 12, 2021",Filip Keser,Ad Ads Advertise,https://www.oracle.com/cx/what-is-crm/,oracle.com,https://markposition.wordpress.com/2021/06/12/what-is-crm-oracle/
Advertising and Customer Experience (CX) | Oracle,"June 12, 2021",Filip Keser,Ad Ads Advertise,https://www.oracle.com/cx/,oracle.com,https://markposition.wordpress.com/2021/06/12/advertising-and-customer-experience-cx-oracle/
Home – Inuvo.com,"June 12, 2021",Filip Keser,Ad Ads Advertise,https://inuvo.com/,inuvo.com,https://markposition.wordpress.com/2021/06/12/home-inuvo-com/
Havas Edge,"June 12, 2021",Filip Keser,Ad Ads Advertise,https://www.havasedge.com/,havasedge.com,https://markposition.wordpress.com/2021/06/12/havas-edge/
GumGum | Contextual Intelligence Company | High Impact Advertising Technology,"June 12, 2021",Filip Keser,Ad Ads Advertise,https://gumgum.com/,gumgum.com,https://markposition.wordpress.com/2021/06/12/gumgum-contextual-intelligence-company-high-impact-advertising-technology/
Yotpo | eCommerce Marketing Platform,"May 27, 2021",Filip Keser,Ad Ads Advertise,https://www.yotpo.com/,yotpo.com,https://markposition.wordpress.com/2021/05/27/yotpo-ecommerce-marketing-platform/
"Yotpo | eCommerce Marketing Platform – Accelerate growth with a full suite of solutions for customer reviews, visual marketing, loyalty, referrals, and SMS marketing.Accelerate growth with a full suite of solutions for customer reviews, visual marketing, loyalty, referrals, and SMS marketing.","May 27, 2021",Filip Keser,Ad Ads Advertise,https://www.yotpo.com/,yotpo.com,https://markposition.wordpress.com/2021/05/27/yotpo-ecommerce-marketing-platform-accelerate-growth-with-a-full-suite-of-solutions-for-customer-reviews-visual-marketing-loyalty-referrals-and-sms-marketing-accelerate-growth-with-a-full-suit/
Data-Driven Marketing Solutions | Audience Targeting | Social Media & Email Marketing Consultant,"May 26, 2021",Filip Keser,Ad Ads Advertise,https://www.stirista.com/,stirista.com,https://markposition.wordpress.com/2021/05/26/data-driven-marketing-solutions-audience-targeting-social-media-email-marketing-consultant/
Digital Marketing Services | Digital Logic ™,"May 26, 2021",Filip Keser,Ad Ads Advertise,https://www.digitallogic.co/,digitallogic.co,https://markposition.wordpress.com/2021/05/26/digital-marketing-services-digital-logic/
Shareaholic | Content Marketing Platform & Website Traffic Tools,"May 26, 2021",Filip Keser,Ad Ads Advertise,https://www.shareaholic.com/,shareaholic.com,https://markposition.wordpress.com/2021/05/26/shareaholic-content-marketing-platform-website-traffic-tools/
Advertise with us! – Vaping360,"May 26, 2021",Filip Keser,Ad Ads Advertise,https://vaping360.com/advertise/,vaping360.com,https://markposition.wordpress.com/2021/05/26/advertise-with-us-vaping360/
ScalerAI – The Ultimate Marketing Kit which will Boost your Sales,"May 26, 2021",Filip Keser,Ad Ads Advertise,https://scalerai.com/,scalerai.com,https://markposition.wordpress.com/2021/05/26/scalerai-the-ultimate-marketing-kit-which-will-boost-your-sales/
YouTube Advertising – Online Video Advertising Campaigns,"May 23, 2021",Filip Keser,Ad Ads Advertise,https://www.youtube.com/ads/,youtube.com,https://markposition.wordpress.com/2021/05/23/youtube-advertising-online-video-advertising-campaigns-3/
YouTube Select: Make the best of YouTube yours,"May 23, 2021",Filip Keser,Ad Ads Advertise,https://www.youtube.com/ads/youtube-select/,youtube.com,https://markposition.wordpress.com/2021/05/23/youtube-select-make-the-best-of-youtube-yours/
Account-Based (ABM) Platform | RollWorks,"May 22, 2021",Filip Keser,Ad Ads Advertise,https://www.rollworks.com/,rollworks.com,https://markposition.wordpress.com/2021/05/22/account-based-abm-platform-rollworks/
Digital Marketing & Growth Marketing Platform | AdRoll,"May 22, 2021",Filip Keser,Ad Ads Advertise,https://www.adroll.com/,adroll.com,https://markposition.wordpress.com/2021/05/22/digital-marketing-growth-marketing-platform-adroll-2/
NextRoll,"May 22, 2021",Filip Keser,Ad Ads Advertise,https://www.nextroll.com/,nextroll.com,https://markposition.wordpress.com/2021/05/22/nextroll/
"Brand Push – Get featured on NBC, FOX, CBS and USA Today","May 21, 2021",Filip Keser,Ad Ads Advertise,https://www.brandpush.co/,brandpush.co,https://markposition.wordpress.com/2021/05/21/brand-push-get-featured-on-nbc-fox-cbs-and-usa-today/
UK Ecommerce Growth Partner | Pattern,"May 19, 2021",Filip Keser,Ad Ads Advertise,https://pattern.com/uk/,pattern.com,https://markposition.wordpress.com/2021/05/19/uk-ecommerce-growth-partner-pattern/
SEO Company | Digital Marketing Agency That Drives Results,"May 19, 2021",Filip Keser,Ad Ads Advertise,https://www.webfx.com/,webfx.com,https://markposition.wordpress.com/2021/05/19/seo-company-digital-marketing-agency-that-drives-results/
Apester,"May 11, 2021",Filip Keser,Ad Ads Advertise,https://apester.com/,apester.com,https://markposition.wordpress.com/2021/05/11/apester-2/
Bloomberg Service Center,"May 10, 2021",Filip Keser,Ad Ads Advertise,https://service.bloomberg.com/portal/sessions/new,service.bloomberg.com,https://markposition.wordpress.com/2021/05/10/bloomberg-service-center/
Connected Content™ | Investis Digital,"May 9, 2021",Filip Keser,Ad Ads Advertise,https://www.investisdigital.com/company/connected-content,investisdigital.com,https://markposition.wordpress.com/2021/05/09/connected-content-investis-digital/
Ghost: Turn your audience into a business,"May 9, 2021",Filip Keser,Ad Ads Advertise,https://ghost.org/,ghost.org,https://markposition.wordpress.com/2021/05/09/ghost-turn-your-audience-into-a-business/
Products – Mediavine,"May 8, 2021",Filip Keser,Ad Ads Advertise,https://www.mediavine.com/products/,mediavine.com,https://markposition.wordpress.com/2021/05/08/products-mediavine/
Postanite partner | Certificirani partner – izdavač – Google,"May 8, 2021",Filip Keser,Ad Ads Advertise,https://www.google.com/ads/publisher/partners/become-a-partner/,google.com,https://markposition.wordpress.com/2021/05/08/postanite-partner-certificirani-partner-izdavac-google/
Pronađite partnera – izdavača | Certificirani partner – izdavač – Google,"May 8, 2021",Filip Keser,Ad Ads Advertise,https://www.google.com/ads/publisher/partners/find-a-partner/#!?modal_active=none,google.com,https://markposition.wordpress.com/2021/05/08/pronadite-partnera-izdavaca-certificirani-partner-izdavac-google/
Partnerski program za izdavaštvo | Certificirani partner – izdavač – Google,"May 8, 2021",Filip Keser,Ad Ads Advertise,https://www.google.com/ads/publisher/partners/,google.com,https://markposition.wordpress.com/2021/05/08/partnerski-program-za-izdavastvo-certificirani-partner-izdavac-google/
Google Ads Community,"May 8, 2021",Filip Keser,Ad Ads Advertise,https://support.google.com/google-ads/community?hl=en,support.google.com,https://markposition.wordpress.com/2021/05/08/google-ads-community/
Full-Service Ad Management – Mediavine,"May 8, 2021",Filip Keser,Ad Ads Advertise,https://www.mediavine.com/,mediavine.com,https://markposition.wordpress.com/2021/05/08/full-service-ad-management-mediavine/
Forbes Connect,"May 8, 2021",Filip Keser,Ad Ads Advertise,https://www.forbes.com/connect/,forbes.com,https://markposition.wordpress.com/2021/05/08/forbes-connect/
Apester,"May 6, 2021",Filip Keser,Ad Ads Advertise,https://apester.com/,apester.com,https://markposition.wordpress.com/2021/05/06/apester/
Quiz Maker | Make Amazing Online Quizzes in Minutes,"May 6, 2021",Filip Keser,Ad Ads Advertise,https://www.quiz-maker.com/,quiz-maker.com,https://markposition.wordpress.com/2021/05/06/quiz-maker-make-amazing-online-quizzes-in-minutes/
Digital Marketing Training Delivered by The Best.,"May 3, 2021",Filip Keser,Ad Ads Advertise,https://cxl.com/,cxl.com,https://markposition.wordpress.com/2021/05/03/digital-marketing-training-delivered-by-the-best/
RedTrack | Cookieless ad tracking solution for media-buyers,"May 2, 2021",Filip Keser,Ad Ads Advertise,https://redtrack.io/,redtrack.io,https://markposition.wordpress.com/2021/05/02/redtrack-cookieless-ad-tracking-solution-for-media-buyers/
SEM with Microsoft Advertising – Microsoft Advertising,"May 2, 2021",Filip Keser,Ad Ads Advertise,https://about.ads.microsoft.com/en-us,about.ads.microsoft.com,https://markposition.wordpress.com/2021/05/02/sem-with-microsoft-advertising-microsoft-advertising/
Programmatic Advertising Technology Company | Publift,"April 29, 2021",Filip Keser,Ad Ads Advertise,https://www.publift.com/,publift.com,https://markposition.wordpress.com/2021/04/29/programmatic-advertising-technology-company-publift/
